,ED,NSE,logNSE,NSEfdc,NSErunoff,Temp_Thresh,ED_val,NSE_val,logNSE_val,NSEfdc_val,NSErunoff_val,Temp_Thresh,Meltfactor,Mm,Ratio_Pref,Kf,Ks,Ce,Soilstoragecapacity_Bare,beta_Bare,Interceptioncapacity_Forest,Soilstoragecapacity_Forest,beta_Forest,Interceptioncapacity_Grass,Soilstoragecapacity_Grass,beta_Grass,Interceptioncapacity_Rip,Soilstoragecapacity_Rip,beta_Rip,Kf_Rip,Ratio_Riparian
0,0.6584047668753592,0.5257330059524616,0.7230219509569553,0.9785983884474461,0.5942350891189763,0.733400570847234,0.6995809673006366,0.6103825504289013,0.7501727191547314,0.9893120673640197,0.6170160294957172,0.733400570847234,4.701989877388791,0.5242169753384954,0.4570995792938721,2.2574986702106714,0.036264317815935095,0.6009504259018995,22.099839065334766,1.298957737329284,7.826310652462734,451.4961893405429,1.0124453488222573,2.8398625988729798,73.78705965034835,0.43479343767134593,4.122892213664268,73.78605965034835,1.572249262802623,2.2584986702106713,0.21323597601558242
