,ED,NSE,logNSE,NSEfdc,NSErunoff,Temp_Thresh,Meltfactor,Mm,Ratio_Pref,Kf,Ks,Ce,Soilstoragecapacity_Bare,beta_Bare,Interceptioncapacity_Forest,Soilstoragecapacity_Forest,beta_Forest,Interceptioncapacity_Grass,Soilstoragecapacity_Grass,beta_Grass,Interceptioncapacity_Rip,Soilstoragecapacity_Rip,beta_Rip,Kf_Rip,Ratio_Riparian
0,0.5151621978343348,0.25183485428925423,0.6836937622670904,0.741824574498039,0.42111046935381413,-0.7441657243869262,4.92056056329485,0.4448076024816764,0.1209187640273479,2.6067657535101705,0.0095313584021158,0.6341897585549465,71.07644052199622,1.6684846542231844,1.9333173678297275,119.49398013522458,1.9004774843573755,4.449346212268901,5.695520172793684,1.534967914419537,3.80659479664926,29.54610033044151,0.9254596017621296,1.9851725152371464,0.201647646022128
1,0.4886514207790755,0.23633471681814278,0.6524492514202573,0.7372308653450962,0.5732717042252957,-1.9783107666142017,3.9771392335853215,0.634123438040643,0.1064671618770775,0.3191072906782514,0.0108867967908358,0.675464704224414,39.21681475900422,1.8709481947181807,7.9422829064484,78.07212178900964,1.6423053151700258,0.4334728433136869,32.382891861857004,1.8565570765929635,0.5295205494369377,11.720949955687423,1.4176897440793954,2.1652888114405844,0.4012485298137679
