,ED,NSE,logNSE,NSEfdc,NSErunoff,Temp_Thresh,Meltfactor,Mm,Ratio_Pref,Kf,Ks,Ce,Soilstoragecapacity_Bare,beta_Bare,Interceptioncapacity_Forest,Soilstoragecapacity_Forest,beta_Forest,Interceptioncapacity_Grass,Soilstoragecapacity_Grass,beta_Grass,Interceptioncapacity_Rip,Soilstoragecapacity_Rip,beta_Rip,Kf_Rip,Ratio_Riparian
0,0.46554014271550787,0.2491713199982758,0.6889954564907974,0.769508586458857,0.6084432692372553,-0.7441657243869262,4.92056056329485,0.44480760248167645,0.12091876402734793,2.6067657535101705,0.009531358402115851,0.6341897585549465,71.07644052199622,1.6684846542231844,1.9333173678297273,119.49398013522458,1.9004774843573753,4.449346212268901,5.6955201727936835,1.534967914419537,3.8065947966492595,29.54610033044151,0.9254596017621296,1.9851725152371462,0.20164764602212804
1,0.47717693444291504,0.24672127602304417,0.6563706259295601,0.7679389731969604,0.5859601418026547,-1.9783107666142017,3.9771392335853215,0.634123438040643,0.10646716187707757,0.3191072906782514,0.010886796790835873,0.675464704224414,39.21681475900422,1.8709481947181807,7.9422829064484,78.07212178900964,1.6423053151700258,0.43347284331368696,32.382891861857004,1.8565570765929635,0.5295205494369377,11.720949955687423,1.4176897440793954,2.1652888114405844,0.40124852981376796
